id,nom,groupe_musculaire,equipement,url
arrache-avec-haltere,Arraché avec haltère,Épaules,Haltères,https://www.docteur-fitness.com/arrache-avec-haltere
handstand-push-up-suspendu,Handstand push-up suspendu,Épaules,Poids de corps / sans matériel,https://www.docteur-fitness.com/handstand-push-up-suspendu
rotation-externe-de-lepaule-en-abduction,Rotation externe de l'épaule en abduction,Épaules,Poids de corps / sans matériel,https://www.docteur-fitness.com/rotation-externe-de-lepaule-en-abduction
rotations-externes-de-lepaule-avec-elastique,Rotations externes de l'épaule avec élastique,Épaules,Élastique,https://www.docteur-fitness.com/rotations-externes-de-lepaule-avec-elastique
rotations-internes-de-lepaule-avec-elastique,Rotations internes de l'épaule avec élastique,Épaules,Élastique,https://www.docteur-fitness.com/rotations-internes-de-lepaule-avec-elastique
passage-depaule-avec-elastique,Passage d'épaule avec élastique,Épaules,Élastique,https://www.docteur-fitness.com/passage-depaule-avec-elastique
oiseau-a-la-poulie-a-45,Oiseau à la poulie à 45°,Épaules,Poulie,https://www.docteur-fitness.com/oiseau-a-la-poulie-a-45
rotation-interne-a-90-a-la-poulie,Rotation interne à 90° à la poulie,Épaules,Poulie,https://www.docteur-fitness.com/rotation-interne-a-90-a-la-poulie
elevation-laterale-a-la-poulie-en-inclinaison,Élévation latérale à la poulie en inclinaison,Épaules,Poulie,https://www.docteur-fitness.com/elevation-laterale-a-la-poulie-en-inclinaison
face-pull-couche-a-la-poulie,Face pull couché à la poulie,Épaules,Poulie,https://www.docteur-fitness.com/face-pull-couche-a-la-poulie
elevation-en-y-a-la-poulie,Élévation en Y à la poulie,Épaules,Poulie,https://www.docteur-fitness.com/elevation-en-y-a-la-poulie
ecarte-arriere-elastique,Écarté arrière à l'élastique,Épaules,Élastique,https://www.docteur-fitness.com/ecarte-arriere-elastique
developpe-militaire,Développé militaire,Épaules,Poids de corps / sans matériel,https://www.docteur-fitness.com/developpe-militaire
developpe-arnold,Développé Arnold,Épaules,Poids de corps / sans matériel,https://www.docteur-fitness.com/developpe-arnold
face-pull,Face pull,Épaules,Poids de corps / sans matériel,https://www.docteur-fitness.com/face-pull
elevations-laterales-a-la-poulie,Élévations latérales à la poulie,Épaules,Poulie,https://www.docteur-fitness.com/elevations-laterales-a-la-poulie
elevations-laterales-a-la-machine,Élévations latérales à la machine,Épaules,Machine,https://www.docteur-fitness.com/elevations-laterales-a-la-machine
developpe-epaules-avec-halteres,Développé épaules avec haltères,Épaules,Haltères,https://www.docteur-fitness.com/developpe-epaules-avec-halteres
developpe-a-la-landmine,Développé épaules debout à la landmine,Épaules,Landmine,https://www.docteur-fitness.com/developpe-a-la-landmine
rotation-externe-de-lepaule-a-la-poulie,Rotation externe de l'épaule à la poulie,Épaules,Poulie,https://www.docteur-fitness.com/rotation-externe-de-lepaule-a-la-poulie
pec-deck-inverse,Pec deck inversé,Épaules,Machine,https://www.docteur-fitness.com/pec-deck-inverse
elevations-frontales,Élévations frontales,Épaules,Poids de corps / sans matériel,https://www.docteur-fitness.com/elevations-frontales
elevations-laterales,Élévations latérales,Épaules,Poids de corps / sans matériel,https://www.docteur-fitness.com/elevations-laterales
presse-a-epaules-inclinee,Presse à épaules inclinée,Épaules,Machine,https://www.docteur-fitness.com/presse-a-epaules-inclinee
elevations-laterales-avec-kettlebell,Élévations latérales avec kettlebell,Épaules,Kettlebell,https://www.docteur-fitness.com/elevations-laterales-avec-kettlebell
tirage-menton-avec-kettlebell,Tirage menton avec kettlebell,Épaules,Kettlebell,https://www.docteur-fitness.com/tirage-menton-avec-kettlebell
developpe-epaule-avec-kettlebell,Développé épaule avec kettlebell,Épaules,Kettlebell,https://www.docteur-fitness.com/developpe-epaule-avec-kettlebell
tirage-menton-barre-guidee,Tirage menton barre guidée,Épaules,Smith machine,https://www.docteur-fitness.com/tirage-menton-barre-guidee
elevations-laterales-avec-landmine,Élévations latérales avec landmine,Épaules,Landmine,https://www.docteur-fitness.com/elevations-laterales-avec-landmine
oiseau-assis-sur-un-banc,Oiseau assis sur un banc,Épaules,Poids de corps / sans matériel,https://www.docteur-fitness.com/oiseau-assis-sur-un-banc
elevation-frontale-allongee-a-la-barre,Élévation frontale allongée à la barre,Épaules,Barre,https://www.docteur-fitness.com/elevation-frontale-allongee-a-la-barre
developpe-epaule-unilateral-avec-elastique,Développé épaule unilatéral avec élastique,Épaules,Élastique,https://www.docteur-fitness.com/developpe-epaule-unilateral-avec-elastique
developpe-epaules-a-la-smith-machine,Développé épaules à la Smith machine,Épaules,Smith machine|Machine,https://www.docteur-fitness.com/developpe-epaules-a-la-smith-machine
elevation-frontale-sur-banc-incline,Élévation frontale sur banc incliné,Épaules,Poids de corps / sans matériel,https://www.docteur-fitness.com/elevation-frontale-sur-banc-incline
developpe-epaules-assis,Développé épaules assis,Épaules,Poids de corps / sans matériel,https://www.docteur-fitness.com/developpe-epaules-assis
tirage-menton-avec-elastique,Tirage menton avec élastique,Épaules,Élastique,https://www.docteur-fitness.com/tirage-menton-avec-elastique
oiseau-avec-elastique,Oiseau avec élastique,Épaules,Élastique,https://www.docteur-fitness.com/oiseau-avec-elastique
developpe-epaules-avec-elastique,Développé épaules avec élastique,Épaules,Élastique,https://www.docteur-fitness.com/developpe-epaules-avec-elastique
elevations-laterales-inclinees-avec-haltere,Élévations latérales inclinées avec haltère,Épaules,Haltères,https://www.docteur-fitness.com/elevations-laterales-inclinees-avec-haltere
rotation-externe-de-lepaule-couchee-avec-haltere,Rotation externe de l'épaule couchée avec haltère,Épaules,Haltères,https://www.docteur-fitness.com/rotation-externe-de-lepaule-couchee-avec-haltere
handstand-push-up,Handstand push-up,Épaules,Poids de corps / sans matériel,https://www.docteur-fitness.com/handstand-push-up
pompes-piquees,Pompes piquées,Épaules,Poids de corps / sans matériel,https://www.docteur-fitness.com/pompes-piquees
russian-twist-avec-developpe-epaule,Russian twist avec développé épaules,Épaules,Poids de corps / sans matériel,https://www.docteur-fitness.com/russian-twist-avec-developpe-epaule
croix-de-fer-avec-halteres,Croix de fer avec haltères,Épaules,Haltères,https://www.docteur-fitness.com/croix-de-fer-avec-halteres
extension-horizontale-des-epaules-avec-elastique,Extension horizontale des épaules avec élastique,Épaules,Élastique,https://www.docteur-fitness.com/extension-horizontale-des-epaules-avec-elastique
thruster-avec-kettlebell,Thruster avec kettlebell,Épaules,Kettlebell,https://www.docteur-fitness.com/thruster-avec-kettlebell
developpe-epaules-unilateral-landmine,Développé épaule unilatéral à genou avec landmine,Épaules,Landmine,https://www.docteur-fitness.com/developpe-epaules-unilateral-landmine
elevations-laterales-unilaterale-poulie,Élévations latérales unilatérales à la poulie,Épaules,Poulie,https://www.docteur-fitness.com/elevations-laterales-unilaterale-poulie
developpe-epaules-assis-avec-elastique,Développé épaules assis avec élastique,Épaules,Élastique,https://www.docteur-fitness.com/developpe-epaules-assis-avec-elastique
developpe-epaules-a-la-machine,Développé épaules à la machine,Épaules,Machine,https://www.docteur-fitness.com/developpe-epaules-a-la-machine
oiseau-inverse-avec-sangles-de-suspension,Oiseau inversé avec sangles de suspension,Épaules,Sangles de suspension / TRX,https://www.docteur-fitness.com/oiseau-inverse-avec-sangles-de-suspension
thruster-avec-landmine,Thruster avec landmine,Épaules,Landmine,https://www.docteur-fitness.com/thruster-avec-landmine
rotations-cubaines,Rotations cubaines,Épaules,Poids de corps / sans matériel,https://www.docteur-fitness.com/rotations-cubaines
elevations-frontales-a-la-poulie-basse,Élévations frontales à la poulie basse,Épaules,Poulie,https://www.docteur-fitness.com/elevations-frontales-a-la-poulie-basse
thruster,Thruster,Épaules,Poids de corps / sans matériel,https://www.docteur-fitness.com/thruster
developpe-nuque-barre-guidee,Développé nuque barre guidée,Épaules,Smith machine,https://www.docteur-fitness.com/developpe-nuque-barre-guidee
curl-biceps-croise-elastique,Curl biceps croisé à l'élastique,Biceps,Élastique,https://www.docteur-fitness.com/curl-biceps-croise-elastique
curl-concentre-avec-elastique,Curl concentré avec élastique,Biceps,Élastique,https://www.docteur-fitness.com/curl-concentre-avec-elastique
curl-overhead-elastique,Curl overhead avec élastique,Biceps,Élastique,https://www.docteur-fitness.com/curl-overhead-elastique
rocky-pull-up,Rocky Pull-Up,Biceps,Poids de corps / sans matériel,https://www.docteur-fitness.com/rocky-pull-up
curl-a-la-barre,Curl à la barre,Biceps,Barre,https://www.docteur-fitness.com/curl-a-la-barre
curl-concentre,Curl concentré,Biceps,Poids de corps / sans matériel,https://www.docteur-fitness.com/curl-concentre
curl-pupitre-barre-ez,Curl pupitre barre EZ,Biceps,Barre,https://www.docteur-fitness.com/curl-pupitre-barre-ez
curl-allonge-a-la-poulie,Curl allongé à la poulie,Biceps,Poulie,https://www.docteur-fitness.com/curl-allonge-a-la-poulie
curl-poulie-en-position-squat,Curl poulie en position squat,Biceps,Poulie,https://www.docteur-fitness.com/curl-poulie-en-position-squat
curl-au-pupitre-a-la-poulie,Curl au pupitre à la poulie,Biceps,Poulie,https://www.docteur-fitness.com/curl-au-pupitre-a-la-poulie
curl-biceps-assis-a-la-machine,Curl biceps assis à la machine,Biceps,Machine,https://www.docteur-fitness.com/curl-biceps-assis-a-la-machine
curl-haltere-debout-sur-banc-incline,Curl haltère debout sur banc incliné,Biceps,Haltères,https://www.docteur-fitness.com/curl-haltere-debout-sur-banc-incline
curl-spider,Curl Spider,Biceps,Poids de corps / sans matériel,https://www.docteur-fitness.com/curl-spider
curl-haltere-incline,Curl haltère incliné avec rotation,Biceps,Haltères,https://www.docteur-fitness.com/curl-haltere-incline
curl-biceps-a-la-poulie-basse,Curl biceps à la poulie basse,Biceps,Poulie,https://www.docteur-fitness.com/curl-biceps-a-la-poulie-basse
traction-supination,Traction supination,Biceps,Poids de corps / sans matériel,https://www.docteur-fitness.com/traction-supination
curl-zottman,Curl Zottman,Biceps,Poids de corps / sans matériel,https://www.docteur-fitness.com/curl-zottman
curl-en-prise-marteau-avec-elastique,Curl en prise marteau avec élastique,Biceps,Élastique,https://www.docteur-fitness.com/curl-en-prise-marteau-avec-elastique
curl-a-la-poulie-vis-a-vis,Curl à la poulie vis-à-vis,Biceps,Poulie,https://www.docteur-fitness.com/curl-a-la-poulie-vis-a-vis
drag-curl-avec-halteres,Drag curl avec haltères,Biceps,Haltères,https://www.docteur-fitness.com/drag-curl-avec-halteres
curl-inverse-a-la-barre,Curl inversé à la barre,Biceps,Barre,https://www.docteur-fitness.com/curl-inverse-a-la-barre
sled-pull,Sled pull,Biceps,Poids de corps / sans matériel,https://www.docteur-fitness.com/sled-pull
curl-haltere-prise-neutre,Curl haltères prise neutre,Biceps,Haltères,https://www.docteur-fitness.com/curl-haltere-prise-neutre
drag-curl-a-la-smith-machine,Drag curl à la Smith machine,Biceps,Smith machine|Machine,https://www.docteur-fitness.com/drag-curl-a-la-smith-machine
drag-curl,Drag curl,Biceps,Poids de corps / sans matériel,https://www.docteur-fitness.com/drag-curl
curl-biceps-avec-halteres-alterne,Curl biceps alterné avec haltères,Biceps,Haltères,https://www.docteur-fitness.com/curl-biceps-avec-halteres-alterne
waiter-curl,Waiter curl,Biceps,Poids de corps / sans matériel,https://www.docteur-fitness.com/waiter-curl
curl-biceps-alterne-sur-banc-incline,Curl biceps alterné en supination sur banc incliné,Biceps,Poids de corps / sans matériel,https://www.docteur-fitness.com/curl-biceps-alterne-sur-banc-incline
curl-biceps-avec-elastique,Curl biceps avec élastique,Biceps,Élastique,https://www.docteur-fitness.com/curl-biceps-avec-elastique
curl-unilateral-avec-sangles-de-suspension,Curl unilatéral avec sangles de suspension,Biceps,Sangles de suspension / TRX,https://www.docteur-fitness.com/curl-unilateral-avec-sangles-de-suspension
curl-haltere-prise-marteau-au-pupitre,Curl haltère prise marteau au pupitre,Biceps,Haltères,https://www.docteur-fitness.com/curl-haltere-prise-marteau-au-pupitre
curl-avec-sangles-de-suspension,Curl avec sangles de suspension,Biceps,Sangles de suspension / TRX,https://www.docteur-fitness.com/curl-avec-sangles-de-suspension
curl-incline-a-la-poulie,Curl incliné à la poulie,Biceps,Poulie,https://www.docteur-fitness.com/curl-incline-a-la-poulie
extension-de-triceps-en-suspension,Extension de triceps en suspension,Triceps,Sangles de suspension / TRX,https://www.docteur-fitness.com/extension-de-triceps-en-suspension
barre-front,Barre front,Triceps,Barre,https://www.docteur-fitness.com/barre-front
comment-faire-des-dips,Dips aux barres parallèles,Triceps,Barre,https://www.docteur-fitness.com/comment-faire-des-dips
extensions-verticales-dun-bras-avec-haltere,Extensions verticales d'un bras avec haltère,Triceps,Haltères,https://www.docteur-fitness.com/extensions-verticales-dun-bras-avec-haltere
extension-verticale-assis-a-la-barre,Extension verticale assis à la barre,Triceps,Barre,https://www.docteur-fitness.com/extension-verticale-assis-a-la-barre
extensions-des-triceps-a-la-machine-technogym,Extensions des triceps à la machine Technogym,Triceps,Machine,https://www.docteur-fitness.com/extensions-des-triceps-a-la-machine-technogym
dips-sur-une-chaise,Dips sur une chaise,Triceps,Poids de corps / sans matériel,https://www.docteur-fitness.com/dips-sur-une-chaise
extensions-des-triceps-incline-a-la-poulie-basse,Extensions des triceps incliné à la poulie basse,Triceps,Poulie,https://www.docteur-fitness.com/extensions-des-triceps-incline-a-la-poulie-basse
pourquoi-devrait-on-faire-des-pompes-plus-souvent,Pompes,Triceps,Poids de corps / sans matériel,https://www.docteur-fitness.com/pourquoi-devrait-on-faire-des-pompes-plus-souvent
extension-des-triceps-en-planche,Extension des triceps en planche,Triceps,Poids de corps / sans matériel,https://www.docteur-fitness.com/extension-des-triceps-en-planche
extensions-concentrees-des-triceps-a-la-poulie,Extensions concentrées des triceps à la poulie,Triceps,Poulie,https://www.docteur-fitness.com/extensions-concentrees-des-triceps-a-la-poulie
extension-horizontale-a-la-poulie,Extension horizontale à la poulie,Triceps,Poulie,https://www.docteur-fitness.com/extension-horizontale-a-la-poulie
extension-verticale-a-la-poulie-basse,Extension verticale à la poulie basse,Triceps,Poulie,https://www.docteur-fitness.com/extension-verticale-a-la-poulie-basse
extensions-verticales-a-la-poulie-haute,Extensions verticales à la poulie haute,Triceps,Poulie,https://www.docteur-fitness.com/extensions-verticales-a-la-poulie-haute
dips-assis-a-la-machine-matrix,Dips assis à la machine Matrix,Triceps,Machine,https://www.docteur-fitness.com/dips-assis-a-la-machine-matrix
kickback-alterne-assis,Kickback alterné assis,Triceps,Poids de corps / sans matériel,https://www.docteur-fitness.com/kickback-alterne-assis
extensions-des-triceps-avec-halteres-incline,Extensions des triceps incliné avec haltères,Triceps,Haltères,https://www.docteur-fitness.com/extensions-des-triceps-avec-halteres-incline
extensions-des-triceps-decline-avec-halteres,Extensions des triceps décliné avec haltères,Triceps,Haltères,https://www.docteur-fitness.com/extensions-des-triceps-decline-avec-halteres
dips-assistes-a-la-machine,Dips assistés à la machine,Triceps,Machine,https://www.docteur-fitness.com/dips-assistes-a-la-machine
dips-assis-a-la-machine,Dips assis à la machine Hammer Strength,Triceps,Machine,https://www.docteur-fitness.com/dips-assis-a-la-machine
kickback-debout-avec-halteres,Kickback debout avec haltères,Triceps,Haltères,https://www.docteur-fitness.com/kickback-debout-avec-halteres
extensions-des-triceps-assis-avec-haltere,Extensions des triceps assis avec haltère,Triceps,Haltères,https://www.docteur-fitness.com/extensions-des-triceps-assis-avec-haltere
extensions-des-triceps-couche-avec-halteres,Extensions des triceps couché avec haltères,Triceps,Haltères,https://www.docteur-fitness.com/extensions-des-triceps-couche-avec-halteres
extensions-triceps-incline-smith-machine,Extensions des triceps incliné à la Smith machine,Triceps,Smith machine|Machine,https://www.docteur-fitness.com/extensions-triceps-incline-smith-machine
developpe-couche-prise-serree-smith-machine,Développé couché prise serrée à la Smith machine,Triceps,Smith machine|Machine,https://www.docteur-fitness.com/developpe-couche-prise-serree-smith-machine
extensions-des-triceps-a-la-poulie-haute-a-la-corde,Extensions des triceps à la poulie haute à la corde,Triceps,Poulie,https://www.docteur-fitness.com/extensions-des-triceps-a-la-poulie-haute-a-la-corde
extensions-des-triceps-avec-sangles-de-suspension,Extensions des triceps avec sangles de suspension,Triceps,Sangles de suspension / TRX,https://www.docteur-fitness.com/extensions-des-triceps-avec-sangles-de-suspension
dips-aux-anneaux,Dips aux anneaux,Triceps,Sangles de suspension / TRX,https://www.docteur-fitness.com/dips-aux-anneaux
dips-sur-banc,Dips sur banc,Triceps,Poids de corps / sans matériel,https://www.docteur-fitness.com/dips-sur-banc
kickback,Kickback,Triceps,Poids de corps / sans matériel,https://www.docteur-fitness.com/kickback
dips-entre-deux-bancs,Dips entre deux bancs,Triceps,Poids de corps / sans matériel,https://www.docteur-fitness.com/dips-entre-deux-bancs
extensions-verticales-a-deux-mains-avec-haltere,Extensions verticales à deux mains avec haltère,Triceps,Haltères,https://www.docteur-fitness.com/extensions-verticales-a-deux-mains-avec-haltere
extension-des-triceps-au-dessus-de-la-tete-avec-elastique,Extension des triceps au-dessus de la tête avec élastique,Triceps,Élastique,https://www.docteur-fitness.com/extension-des-triceps-au-dessus-de-la-tete-avec-elastique
extension-verticale-des-triceps-avec-elastique,Extension verticale des triceps avec élastique,Triceps,Élastique,https://www.docteur-fitness.com/extension-verticale-des-triceps-avec-elastique
tate-press-a-un-bras-avec-haltere,Tate press à un bras avec haltère,Triceps,Haltères,https://www.docteur-fitness.com/tate-press-a-un-bras-avec-haltere
developpe-couche,Développé couché,Pectoraux,Poids de corps / sans matériel,https://www.docteur-fitness.com/developpe-couche
developpe-incline-a-la-barre,Développé incliné à la barre,Pectoraux,Barre,https://www.docteur-fitness.com/developpe-incline-a-la-barre
ecartes-couche-avec-halteres,Écartés couché avec haltères,Pectoraux,Haltères,https://www.docteur-fitness.com/ecartes-couche-avec-halteres
ecartes-a-la-poulie-vis-a-vis-pour-les-pectoraux,Écartés à la poulie vis-à-vis,Pectoraux,Poulie,https://www.docteur-fitness.com/ecartes-a-la-poulie-vis-a-vis-pour-les-pectoraux
developpe-couche-halteres,Développé couché haltères,Pectoraux,Haltères,https://www.docteur-fitness.com/developpe-couche-halteres
comment-faire-des-dips,Dips aux barres parallèles,Pectoraux,Barre,https://www.docteur-fitness.com/comment-faire-des-dips
pec-deck-ou-butterfly,Pec-deck ou butterfly,Pectoraux,Machine,https://www.docteur-fitness.com/pec-deck-ou-butterfly
developpe-incline-a-la-machine-convergente,Développé incliné à la machine convergente,Pectoraux,Machine,https://www.docteur-fitness.com/developpe-incline-a-la-machine-convergente
developpe-decline-a-la-barre,Développé décliné à la barre,Pectoraux,Barre,https://www.docteur-fitness.com/developpe-decline-a-la-barre
ecartes-decline-avec-halteres,Écartés décliné avec haltères,Pectoraux,Haltères,https://www.docteur-fitness.com/ecartes-decline-avec-halteres
ecartes-hyght,Écartés Hyght,Pectoraux,Poids de corps / sans matériel,https://www.docteur-fitness.com/ecartes-hyght
developpe-couche-prise-inversee,Développé couché prise inversée,Pectoraux,Poids de corps / sans matériel,https://www.docteur-fitness.com/developpe-couche-prise-inversee
ecartes-unilateraux-a-la-landmine,Écartés unilatéraux à la landmine,Pectoraux,Landmine,https://www.docteur-fitness.com/ecartes-unilateraux-a-la-landmine
pourquoi-devrait-on-faire-des-pompes-plus-souvent,Pompes,Pectoraux,Poids de corps / sans matériel,https://www.docteur-fitness.com/pourquoi-devrait-on-faire-des-pompes-plus-souvent
developpe-couche-avec-chaines,Développé couché avec chaînes,Pectoraux,Poids de corps / sans matériel,https://www.docteur-fitness.com/developpe-couche-avec-chaines
developpe-decline-avec-haltere,Développé décliné avec haltère,Pectoraux,Haltères,https://www.docteur-fitness.com/developpe-decline-avec-haltere
pullover-avec-haltere,Pullover avec haltère,Pectoraux,Haltères,https://www.docteur-fitness.com/pullover-avec-haltere
developpe-couche-a-la-smith-machine,Développé couché à la Smith machine,Pectoraux,Smith machine|Machine,https://www.docteur-fitness.com/developpe-couche-a-la-smith-machine
hex-press-a-la-smith-machine,Hex press à la Smith machine,Pectoraux,Smith machine|Machine,https://www.docteur-fitness.com/hex-press-a-la-smith-machine
ecartes-couche-la-poulie-vis-a-vis,Écartés couché à la poulie vis-à-vis,Pectoraux,Poulie,https://www.docteur-fitness.com/ecartes-couche-la-poulie-vis-a-vis
developpe-debout-avec-elastique,Développé debout avec élastique,Pectoraux,Élastique,https://www.docteur-fitness.com/developpe-debout-avec-elastique
developpe-couche-serre-avec-halteres,Développé couché serré avec haltères,Pectoraux,Haltères,https://www.docteur-fitness.com/developpe-couche-serre-avec-halteres
developpe-incline-a-la-poulie,Développé incliné à la poulie,Pectoraux,Poulie,https://www.docteur-fitness.com/developpe-incline-a-la-poulie
svend-press,Svend press,Pectoraux,Poids de corps / sans matériel,https://www.docteur-fitness.com/svend-press
pompes-inclinees-sur-smith-machine,Pompes inclinées sur Smith Machine,Pectoraux,Smith machine|Machine,https://www.docteur-fitness.com/pompes-inclinees-sur-smith-machine
pompes-inclinees-avec-sangles-de-suspension,Pompes inclinées avec sangles de suspension,Pectoraux,Sangles de suspension / TRX,https://www.docteur-fitness.com/pompes-inclinees-avec-sangles-de-suspension
developpe-couche-avec-elastique,Développé couché avec élastique,Pectoraux,Élastique,https://www.docteur-fitness.com/developpe-couche-avec-elastique
ecarte-a-la-poulie-vis-a-vis-haute-a-genoux,Écarté à la poulie vis à vis haute à genoux,Pectoraux,Poulie,https://www.docteur-fitness.com/ecarte-a-la-poulie-vis-a-vis-haute-a-genoux
developpe-decline-avec-elastique,Développé décliné avec élastique,Pectoraux,Élastique,https://www.docteur-fitness.com/developpe-decline-avec-elastique
developpe-couche-larsen,Développé couché Larsen,Pectoraux,Poids de corps / sans matériel,https://www.docteur-fitness.com/developpe-couche-larsen
developpe-couche-unilateral-avec-kettlebell,Développé couché unilatéral avec kettlebell,Pectoraux,Kettlebell,https://www.docteur-fitness.com/developpe-couche-unilateral-avec-kettlebell
developpe-couche-au-sol-avec-kettlebell,Développé couché au sol avec kettlebell,Pectoraux,Kettlebell,https://www.docteur-fitness.com/developpe-couche-au-sol-avec-kettlebell
developpe-a-la-landmine-pour-les-pectoraux,Développé à la landmine à genoux pour les pectoraux,Pectoraux,Landmine,https://www.docteur-fitness.com/developpe-a-la-landmine-pour-les-pectoraux
developpe-machine-assis-pour-les-pectoraux,Développé assis à la machine pour les pectoraux,Pectoraux,Machine,https://www.docteur-fitness.com/developpe-machine-assis-pour-les-pectoraux
ecartes-avec-sangles-de-suspension,Écartés avec sangles de suspension,Pectoraux,Sangles de suspension / TRX,https://www.docteur-fitness.com/ecartes-avec-sangles-de-suspension
chest-press-avec-sangles-de-suspension,Chest press avec sangles de suspension,Pectoraux,Sangles de suspension / TRX,https://www.docteur-fitness.com/chest-press-avec-sangles-de-suspension
ecartes-incline-avec-halteres,Écartés incliné avec haltères,Pectoraux,Haltères,https://www.docteur-fitness.com/ecartes-incline-avec-halteres
ecarte-unilateral-a-la-poulie,Écarté unilatéral à la poulie,Pectoraux,Poulie,https://www.docteur-fitness.com/ecarte-unilateral-a-la-poulie
developpe-incline-avec-halteres,Développé incliné avec haltères,Pectoraux,Haltères,https://www.docteur-fitness.com/developpe-incline-avec-halteres
ecartes-a-la-poulie-haute,Écartés à la poulie haute,Pectoraux,Poulie,https://www.docteur-fitness.com/ecartes-a-la-poulie-haute
ecartes-avec-elastique,Écartés avec élastique,Pectoraux,Élastique,https://www.docteur-fitness.com/ecartes-avec-elastique
developpe-couche-au-sol,Développé couché au sol,Pectoraux,Poids de corps / sans matériel,https://www.docteur-fitness.com/developpe-couche-au-sol
tirage-alterne-vertical-elastique,Tirage alterné vertical à l'élastique,Dos,Élastique,https://www.docteur-fitness.com/tirage-alterne-vertical-elastique
rocky-pull-up,Rocky Pull-Up,Dos,Poids de corps / sans matériel,https://www.docteur-fitness.com/rocky-pull-up
traction-barre-derriere,Traction barre derrière,Dos,Barre,https://www.docteur-fitness.com/traction-barre-derriere
tractions-aux-anneaux,Tractions aux anneaux,Dos,Sangles de suspension / TRX,https://www.docteur-fitness.com/tractions-aux-anneaux
dead-hang-suspension-passive,Dead Hang (suspension passive),Dos,Sangles de suspension / TRX,https://www.docteur-fitness.com/dead-hang-suspension-passive
muscle-up,Muscle-up,Dos,Poids de corps / sans matériel,https://www.docteur-fitness.com/muscle-up
traction,Traction,Dos,Poids de corps / sans matériel,https://www.docteur-fitness.com/traction
tirage-horizontal-a-la-poulie,Tirage horizontal à la poulie,Dos,Poulie,https://www.docteur-fitness.com/tirage-horizontal-a-la-poulie
comment-faire-du-rowing-barre,Rowing barre,Dos,Barre,https://www.docteur-fitness.com/comment-faire-du-rowing-barre
shrug-barre,Shrug barre,Dos,Barre,https://www.docteur-fitness.com/shrug-barre
pull-over-assis-a-la-machine,Pull-over assis à la machine,Dos,Machine,https://www.docteur-fitness.com/pull-over-assis-a-la-machine
traction-supination,Traction supination,Dos,Poids de corps / sans matériel,https://www.docteur-fitness.com/traction-supination
rowing-haltere-a-un-bras,Rowing haltère à un bras,Dos,Haltères,https://www.docteur-fitness.com/rowing-haltere-a-un-bras
rowing-t-bar,"Rowing ""T-bar""",Dos,Poids de corps / sans matériel,https://www.docteur-fitness.com/rowing-t-bar
tirage-vertical-prise-serree,Tirage vertical prise serrée,Dos,Poids de corps / sans matériel,https://www.docteur-fitness.com/tirage-vertical-prise-serree
rowing-en-pronation-assis-a-la-machine-technogym,Rowing en pronation assis à la machine Technogym,Dos,Machine,https://www.docteur-fitness.com/rowing-en-pronation-assis-a-la-machine-technogym
extension-lombaire-a-la-machine,Extension lombaire à la machine,Dos,Machine,https://www.docteur-fitness.com/extension-lombaire-a-la-machine
rowing-a-la-barre-en-t-avec-machine,Rowing à la barre en T avec machine,Dos,Machine|Barre,https://www.docteur-fitness.com/rowing-a-la-barre-en-t-avec-machine
rowing-assis-a-la-machine-en-prise-neutre,Rowing en prise neutre assis à la machine,Dos,Machine,https://www.docteur-fitness.com/rowing-assis-a-la-machine-en-prise-neutre
tirage-vertical-en-supination-machine-hammer-strength,Tirage vertical en supination à la machine Hammer Strength,Dos,Machine,https://www.docteur-fitness.com/tirage-vertical-en-supination-machine-hammer-strength
souleve-de-terre,Soulevé de terre,Dos,Poids de corps / sans matériel,https://www.docteur-fitness.com/souleve-de-terre
traction-assistee-a-la-machine,Traction assistée à la machine,Dos,Machine,https://www.docteur-fitness.com/traction-assistee-a-la-machine
tractions-prise-neutre,Tractions prise neutre,Dos,Poids de corps / sans matériel,https://www.docteur-fitness.com/tractions-prise-neutre
bent-over-row-avec-halteres,Rowing avec haltères,Dos,Haltères,https://www.docteur-fitness.com/bent-over-row-avec-halteres
seal-row-avec-halteres,Seal row avec haltères,Dos,Haltères,https://www.docteur-fitness.com/seal-row-avec-halteres
renegade-row,Renegade row,Dos,Poids de corps / sans matériel,https://www.docteur-fitness.com/renegade-row
tirage-vertical-poitrine,Tirage vertical poitrine,Dos,Poids de corps / sans matériel,https://www.docteur-fitness.com/tirage-vertical-poitrine
rowing-unilateral-a-la-landmine,Rowing unilatéral à la landmine,Dos,Landmine,https://www.docteur-fitness.com/rowing-unilateral-a-la-landmine
superman,Superman,Dos,Poids de corps / sans matériel,https://www.docteur-fitness.com/superman
rowing-halteres-sur-banc-incline,Rowing haltères sur banc incliné,Dos,Haltères,https://www.docteur-fitness.com/rowing-halteres-sur-banc-incline
tractions-australiennes,Tractions australiennes,Dos,Poids de corps / sans matériel,https://www.docteur-fitness.com/tractions-australiennes
pullover-avec-haltere,Pullover avec haltère,Dos,Haltères,https://www.docteur-fitness.com/pullover-avec-haltere
sled-pull,Sled pull,Dos,Poids de corps / sans matériel,https://www.docteur-fitness.com/sled-pull
shrug-a-la-machine-a-mollets,Shrug à la machine à mollets,Dos,Machine,https://www.docteur-fitness.com/shrug-a-la-machine-a-mollets
bird-dog,Bird dog,Dos,Poids de corps / sans matériel,https://www.docteur-fitness.com/bird-dog
pull-over-a-la-poulie,Pull-over à la poulie,Dos,Poulie,https://www.docteur-fitness.com/pull-over-a-la-poulie
overhead-shrug,Overhead shrug,Dos,Poids de corps / sans matériel,https://www.docteur-fitness.com/overhead-shrug
pull-over-decline-a-la-barre,Pull-over décliné à la barre,Dos,Barre,https://www.docteur-fitness.com/pull-over-decline-a-la-barre
planche-inversee,Planche inversée,Dos,Poids de corps / sans matériel,https://www.docteur-fitness.com/planche-inversee
shrug-a-la-poulie,Shrug à la poulie,Dos,Poulie,https://www.docteur-fitness.com/shrug-a-la-poulie
extension-lombaire-au-banc-a-45,Extension lombaire au banc à 45°,Dos,Poids de corps / sans matériel,https://www.docteur-fitness.com/extension-lombaire-au-banc-a-45
rowing-buste-penche-avec-elastique,Rowing buste penché avec élastique,Dos,Élastique,https://www.docteur-fitness.com/rowing-buste-penche-avec-elastique
shrugs-avec-halteres,Shrugs avec haltères,Dos,Haltères,https://www.docteur-fitness.com/shrugs-avec-halteres
souleve-de-terre-avec-machine,Soulevé de terre avec machine,Dos,Machine,https://www.docteur-fitness.com/souleve-de-terre-avec-machine
tractions-australiennes-avec-sangles-de-suspension,Tractions australiennes avec sangles de suspension,Dos,Sangles de suspension / TRX,https://www.docteur-fitness.com/tractions-australiennes-avec-sangles-de-suspension
extensions-lombaires-sur-swiss-ball,Extensions lombaires sur Swiss ball,Dos,Swiss ball,https://www.docteur-fitness.com/extensions-lombaires-sur-swiss-ball
oiseau-inverse-avec-sangles-de-suspension,Oiseau inversé avec sangles de suspension,Dos,Sangles de suspension / TRX,https://www.docteur-fitness.com/oiseau-inverse-avec-sangles-de-suspension
traction-assistee-avec-elastique,Traction assistée avec élastique,Dos,Élastique,https://www.docteur-fitness.com/traction-assistee-avec-elastique
rowing-avec-sangles-de-suspension,Rowing avec sangles de suspension,Dos,Sangles de suspension / TRX,https://www.docteur-fitness.com/rowing-avec-sangles-de-suspension
pullover-avec-deux-halteres,Pullover avec deux haltères,Dos,Haltères,https://www.docteur-fitness.com/pullover-avec-deux-halteres
rowing-inverse-sous-une-table,Rowing inversé sous une table,Dos,Poids de corps / sans matériel,https://www.docteur-fitness.com/rowing-inverse-sous-une-table
bent-over-row-prise-disque,Bent over row prise disque,Dos,Poids de corps / sans matériel,https://www.docteur-fitness.com/bent-over-row-prise-disque
rowing-unilateral-avec-elastique,Rowing unilatéral avec élastique,Dos,Élastique,https://www.docteur-fitness.com/rowing-unilateral-avec-elastique
rowing-a-la-smith-machine,Rowing à la Smith machine,Dos,Smith machine|Machine,https://www.docteur-fitness.com/rowing-a-la-smith-machine
tirage-horizontal-prise-large,Tirage horizontal prise large,Dos,Poids de corps / sans matériel,https://www.docteur-fitness.com/tirage-horizontal-prise-large
montee-de-corde,Montée à la corde,Dos,Poids de corps / sans matériel,https://www.docteur-fitness.com/montee-de-corde
pull-over-avec-barre,Pull-over avec barre,Dos,Barre,https://www.docteur-fitness.com/pull-over-avec-barre
tirage-incline-a-la-poulie-haute,Tirage incliné à la poulie haute,Dos,Poulie,https://www.docteur-fitness.com/tirage-incline-a-la-poulie-haute
traction-lestee,Traction lestée,Dos,Poids de corps / sans matériel,https://www.docteur-fitness.com/traction-lestee
traction-assistee-avec-banc,Traction assistée avec banc,Dos,Poids de corps / sans matériel,https://www.docteur-fitness.com/traction-assistee-avec-banc
rowing-horizontal-avec-elastique,Tirage horizontal avec élastique,Dos,Élastique,https://www.docteur-fitness.com/rowing-horizontal-avec-elastique
tirage-vertical-prise-inversee,Tirage vertical prise inversée,Dos,Poids de corps / sans matériel,https://www.docteur-fitness.com/tirage-vertical-prise-inversee
flexion-laterale-elastique,Flexion latérale à l'élastique,Abdominaux,Élastique,https://www.docteur-fitness.com/flexion-laterale-elastique
crunch-lateral-sur-banc-a-lombaires,Crunch latéral sur banc à lombaires,Abdominaux,Poids de corps / sans matériel,https://www.docteur-fitness.com/crunch-lateral-sur-banc-a-lombaires
v-ups,V-Ups,Abdominaux,Poids de corps / sans matériel,https://www.docteur-fitness.com/v-ups
planche-chinoise,Planche chinoise,Abdominaux,Poids de corps / sans matériel,https://www.docteur-fitness.com/planche-chinoise
sit-up-avec-medecine-ball,Sit-up avec médecine-ball,Abdominaux,Poids de corps / sans matériel,https://www.docteur-fitness.com/sit-up-avec-medecine-ball
planche,Planche,Abdominaux,Poids de corps / sans matériel,https://www.docteur-fitness.com/planche
crunch-au-sol,Crunch,Abdominaux,Poids de corps / sans matériel,https://www.docteur-fitness.com/crunch-au-sol
crunch-decline,Sit-up décliné,Abdominaux,Poids de corps / sans matériel,https://www.docteur-fitness.com/crunch-decline
releve-de-genoux-suspendu,Relevé de genoux suspendu,Abdominaux,Poids de corps / sans matériel,https://www.docteur-fitness.com/releve-de-genoux-suspendu
releve-de-jambes-a-la-chaise-romaine,Relevé de jambes à la chaise romaine,Abdominaux,Machine,https://www.docteur-fitness.com/releve-de-jambes-a-la-chaise-romaine
roulette-a-abdominaux,Roulette à abdominaux,Abdominaux,Poids de corps / sans matériel,https://www.docteur-fitness.com/roulette-a-abdominaux
releve-de-jambes-suspendu,Relevé de jambes suspendu,Abdominaux,Poids de corps / sans matériel,https://www.docteur-fitness.com/releve-de-jambes-suspendu
crunch-a-la-poulie,Crunch à la poulie,Abdominaux,Poulie,https://www.docteur-fitness.com/crunch-a-la-poulie
flexions-des-obliques-au-banc-a-lombaire-a-45,Flexions des obliques au banc à lombaire à 45°,Abdominaux,Poids de corps / sans matériel,https://www.docteur-fitness.com/flexions-des-obliques-au-banc-a-lombaire-a-45
planche-laterale,Planche latérale,Abdominaux,Poids de corps / sans matériel,https://www.docteur-fitness.com/planche-laterale
mountain-climber,Mountain climber,Abdominaux,Poids de corps / sans matériel,https://www.docteur-fitness.com/mountain-climber
rotations-du-buste-avec-barre,Rotations du buste avec barre,Abdominaux,Barre,https://www.docteur-fitness.com/rotations-du-buste-avec-barre
crunch-sur-swiss-ball,Crunch sur swiss ball,Abdominaux,Swiss ball,https://www.docteur-fitness.com/crunch-sur-swiss-ball
rotations-des-abdominaux-suspendu,Rotations des abdominaux suspendu,Abdominaux,Poids de corps / sans matériel,https://www.docteur-fitness.com/rotations-des-abdominaux-suspendu
sit-up-avec-medecine-ball-contre-un-mur,Sit-up avec médecine ball contre un mur,Abdominaux,Poids de corps / sans matériel,https://www.docteur-fitness.com/sit-up-avec-medecine-ball-contre-un-mur
crunch-a-la-machine,Crunch à la machine,Abdominaux,Machine,https://www.docteur-fitness.com/crunch-a-la-machine
dragon-flag,Dragon flag,Abdominaux,Poids de corps / sans matériel,https://www.docteur-fitness.com/dragon-flag
flexions-laterales-avec-haltere,Flexions latérales avec haltère,Abdominaux,Haltères,https://www.docteur-fitness.com/flexions-laterales-avec-haltere
ab-coaster,AB Coaster,Abdominaux,Machine,https://www.docteur-fitness.com/ab-coaster
crunch-debout-avec-elastique,Crunch debout avec élastique,Abdominaux,Élastique,https://www.docteur-fitness.com/crunch-debout-avec-elastique
crunch-a-la-poulie-pour-les-obliques,Crunch à la poulie pour les obliques,Abdominaux,Poulie,https://www.docteur-fitness.com/crunch-a-la-poulie-pour-les-obliques
crunch-papillon,Crunch papillon,Abdominaux,Poids de corps / sans matériel,https://www.docteur-fitness.com/crunch-papillon
crunch-bicyclette,Crunch bicyclette,Abdominaux,Poids de corps / sans matériel,https://www.docteur-fitness.com/crunch-bicyclette
jackknife-sur-swiss-ball,Jackknife sur swiss ball,Abdominaux,Swiss ball,https://www.docteur-fitness.com/jackknife-sur-swiss-ball
crunch-avec-sangle-de-suspension,Crunch avec sangles de suspension,Abdominaux,Sangles de suspension / TRX,https://www.docteur-fitness.com/crunch-avec-sangle-de-suspension
rotations-russes,Rotations russes,Abdominaux,Poids de corps / sans matériel,https://www.docteur-fitness.com/rotations-russes
cocon,Cocon,Abdominaux,Poids de corps / sans matériel,https://www.docteur-fitness.com/cocon
hollow-hold,Hollow hold,Abdominaux,Poids de corps / sans matériel,https://www.docteur-fitness.com/hollow-hold
planche-de-l-ours,Planche de l'ours,Abdominaux,Poids de corps / sans matériel,https://www.docteur-fitness.com/planche-de-l-ours
windmill,Windmill,Abdominaux,Poids de corps / sans matériel,https://www.docteur-fitness.com/windmill
planche-sur-swiss-ball,Planche sur Swiss ball,Abdominaux,Swiss ball,https://www.docteur-fitness.com/planche-sur-swiss-ball
rotations-du-buste-avec-landmine,Rotations du buste avec landmine,Abdominaux,Landmine,https://www.docteur-fitness.com/rotations-du-buste-avec-landmine
rotation-du-buste-debout-a-la-poulie,Rotation du buste debout à la poulie,Abdominaux,Poulie,https://www.docteur-fitness.com/rotation-du-buste-debout-a-la-poulie
flexions-laterales-a-la-poulie-basse,Flexions latérales à la poulie basse,Abdominaux,Poulie,https://www.docteur-fitness.com/flexions-laterales-a-la-poulie-basse
touche-talon-alternes,Touche talon alternés,Abdominaux,Poids de corps / sans matériel,https://www.docteur-fitness.com/touche-talon-alternes
sits-up-a-la-chaise-romaine,Sits-up à la chaise romaine,Abdominaux,Machine,https://www.docteur-fitness.com/sits-up-a-la-chaise-romaine
planche-inversee,Planche inversée,Abdominaux,Poids de corps / sans matériel,https://www.docteur-fitness.com/planche-inversee
russian-twists-a-la-poulie-sur-swiss-ball,Russian twists à la poulie sur Swiss ball,Abdominaux,Poulie|Swiss ball,https://www.docteur-fitness.com/russian-twists-a-la-poulie-sur-swiss-ball
releve-de-jambes-assis,Relevé de jambes assis,Abdominaux,Poids de corps / sans matériel,https://www.docteur-fitness.com/releve-de-jambes-assis
ciseaux,Ciseaux,Abdominaux,Poids de corps / sans matériel,https://www.docteur-fitness.com/ciseaux
russian-twist-avec-developpe-epaule,Russian twist avec développé épaules,Abdominaux,Poids de corps / sans matériel,https://www.docteur-fitness.com/russian-twist-avec-developpe-epaule
dead-bug,Dead bug,Abdominaux,Poids de corps / sans matériel,https://www.docteur-fitness.com/dead-bug
cercles-jambes-tendues,Cercles jambes tendues,Abdominaux,Poids de corps / sans matériel,https://www.docteur-fitness.com/cercles-jambes-tendues
bear-plank-avec-kickback,Bear plank avec kickback,Abdominaux,Poids de corps / sans matériel,https://www.docteur-fitness.com/bear-plank-avec-kickback
planche-avec-sangles-de-suspension,Planche avec sangles de suspension,Abdominaux,Sangles de suspension / TRX,https://www.docteur-fitness.com/planche-avec-sangles-de-suspension
planche-laterale-avec-rotation,Planche latérale avec rotation,Abdominaux,Poids de corps / sans matériel,https://www.docteur-fitness.com/planche-laterale-avec-rotation
crunch-avec-jambes-verticales,Crunch avec jambes verticales,Abdominaux,Poids de corps / sans matériel,https://www.docteur-fitness.com/crunch-avec-jambes-verticales
rotation-du-buste-avec-elastique,Rotation du buste avec élastique,Abdominaux,Élastique,https://www.docteur-fitness.com/rotation-du-buste-avec-elastique
abdominaux-avec-une-barre,Roulage avec une barre,Abdominaux,Barre,https://www.docteur-fitness.com/abdominaux-avec-une-barre
zercher-carry,Zercher carry,Abdominaux,Poids de corps / sans matériel,https://www.docteur-fitness.com/zercher-carry
abduction-de-la-hanche-assis-avec-elastique,Abduction de la hanche assis avec élastique,Fessiers,Élastique,https://www.docteur-fitness.com/abduction-de-la-hanche-assis-avec-elastique
fente-bulgare-a-elastique,Fente bulgare à l'élastique,Fessiers,Élastique,https://www.docteur-fitness.com/fente-bulgare-a-elastique
deadlift-jambes-tendues-unilateral-avec-landmine,Deadlift jambes tendues unilatéral avec landmine,Fessiers,Landmine,https://www.docteur-fitness.com/deadlift-jambes-tendues-unilateral-avec-landmine
deadlift-sumo-aux-halteres,Deadlift sumo aux haltères,Fessiers,Haltères,https://www.docteur-fitness.com/deadlift-sumo-aux-halteres
extension-de-hanche-a-la-machine,Extension de hanche à la machine,Fessiers,Machine,https://www.docteur-fitness.com/extension-de-hanche-a-la-machine
squat-avec-rotation-du-tronc,Squat avec rotation du tronc,Fessiers,Poids de corps / sans matériel,https://www.docteur-fitness.com/squat-avec-rotation-du-tronc
fentes-marchees-avec-sandbag,Fentes marchées avec sandbag,Fessiers,Sandbag,https://www.docteur-fitness.com/fentes-marchees-avec-sandbag
hip-thrust-a-la-machine,Hip thrust à la machine,Fessiers,Machine,https://www.docteur-fitness.com/hip-thrust-a-la-machine
squat,Squat,Fessiers,Poids de corps / sans matériel,https://www.docteur-fitness.com/squat
souleve-de-terre-roumain,Soulevé de terre roumain,Fessiers,Poids de corps / sans matériel,https://www.docteur-fitness.com/souleve-de-terre-roumain
good-morning,Good morning,Fessiers,Poids de corps / sans matériel,https://www.docteur-fitness.com/good-morning
pull-through-a-la-poulie,Pull through à la poulie,Fessiers,Poulie,https://www.docteur-fitness.com/pull-through-a-la-poulie
montees-sur-banc,Montées sur banc,Fessiers,Poids de corps / sans matériel,https://www.docteur-fitness.com/montees-sur-banc
extension-de-la-hanche-a-la-poulie-basse,Extension de la hanche à la poulie basse,Fessiers,Poulie,https://www.docteur-fitness.com/extension-de-la-hanche-a-la-poulie-basse
hyperextension-inversee-au-swiss-ball,Hyperextension inversée au Swiss ball,Fessiers,Swiss ball,https://www.docteur-fitness.com/hyperextension-inversee-au-swiss-ball
reverse-hyperextension,Reverse hyperextension,Fessiers,Poids de corps / sans matériel,https://www.docteur-fitness.com/reverse-hyperextension
souleve-de-terre-roumain-a-la-landmine,Soulevé de terre roumain à la landmine,Fessiers,Landmine,https://www.docteur-fitness.com/souleve-de-terre-roumain-a-la-landmine
donkey-kick,Donkey kick,Fessiers,Poids de corps / sans matériel,https://www.docteur-fitness.com/donkey-kick
fire-hydrant,Fire hydrant,Fessiers,Poids de corps / sans matériel,https://www.docteur-fitness.com/fire-hydrant
rack-pull,Rack Pull,Fessiers,Poids de corps / sans matériel,https://www.docteur-fitness.com/rack-pull
good-morning-avec-elastique,Good morning avec élastique,Fessiers,Élastique,https://www.docteur-fitness.com/good-morning-avec-elastique
souleve-de-terre,Soulevé de terre,Fessiers,Poids de corps / sans matériel,https://www.docteur-fitness.com/souleve-de-terre
kettlebell-swing,Kettlebell swing,Fessiers,Kettlebell,https://www.docteur-fitness.com/kettlebell-swing
squat-barre-devant,Squat barre devant,Fessiers,Barre,https://www.docteur-fitness.com/squat-barre-devant
souleve-de-terre-roumain-avec-kettlebell,Soulevé de terre roumain avec kettlebell,Fessiers,Kettlebell,https://www.docteur-fitness.com/souleve-de-terre-roumain-avec-kettlebell
hip-thrust-unilateral,Hip thrust unilatéral,Fessiers,Poids de corps / sans matériel,https://www.docteur-fitness.com/hip-thrust-unilateral
presse-a-cuisses-verticale,Presse à cuisses verticale,Fessiers,Machine,https://www.docteur-fitness.com/presse-a-cuisses-verticale
squat-saute,Squat sauté,Fessiers,Poids de corps / sans matériel,https://www.docteur-fitness.com/squat-saute
squat-sumo-a-la-landmine,Squat sumo à la landmine,Fessiers,Landmine,https://www.docteur-fitness.com/squat-sumo-a-la-landmine
hack-squat,Hack squat,Fessiers,Machine,https://www.docteur-fitness.com/hack-squat
sled-push,Sled push,Fessiers,Poids de corps / sans matériel,https://www.docteur-fitness.com/sled-push
hip-thrust-a-la-smith-machine,Hip thrust à la smith machine,Fessiers,Smith machine|Machine,https://www.docteur-fitness.com/hip-thrust-a-la-smith-machine
hack-squat-assis,Hack squat assis,Fessiers,Machine,https://www.docteur-fitness.com/hack-squat-assis
presse-a-cuisse-sur-le-cote,Presse à cuisse sur le côté,Fessiers,Machine,https://www.docteur-fitness.com/presse-a-cuisse-sur-le-cote
fentes-croisees,Fentes croisées,Fessiers,Poids de corps / sans matériel,https://www.docteur-fitness.com/fentes-croisees
pin-squat,Pin squat,Fessiers,Poids de corps / sans matériel,https://www.docteur-fitness.com/pin-squat
bird-dog,Bird dog,Fessiers,Poids de corps / sans matériel,https://www.docteur-fitness.com/bird-dog
hip-thrusts-a-genoux-avec-elastique,Hip thrusts à genoux avec élastique,Fessiers,Élastique,https://www.docteur-fitness.com/hip-thrusts-a-genoux-avec-elastique
hip-thrust,Hip thrust,Fessiers,Poids de corps / sans matériel,https://www.docteur-fitness.com/hip-thrust
planche-inversee,Planche inversée,Fessiers,Poids de corps / sans matériel,https://www.docteur-fitness.com/planche-inversee
pull-through-avec-elastique,Pull through avec élastique,Fessiers,Élastique,https://www.docteur-fitness.com/pull-through-avec-elastique
extension-lombaire-au-banc-a-45,Extension lombaire au banc à 45°,Fessiers,Poids de corps / sans matériel,https://www.docteur-fitness.com/extension-lombaire-au-banc-a-45
souleve-de-terre-avec-elastique,Soulevé de terre avec élastique,Fessiers,Élastique,https://www.docteur-fitness.com/souleve-de-terre-avec-elastique
montees-sur-banc-laterales-avec-barre,Montées sur banc latérales avec barre,Fessiers,Barre,https://www.docteur-fitness.com/montees-sur-banc-laterales-avec-barre
marche-avec-elastique,Marche avec élastique,Fessiers,Élastique,https://www.docteur-fitness.com/marche-avec-elastique
hack-squat-inverse,Hack squat inversé,Fessiers,Machine,https://www.docteur-fitness.com/hack-squat-inverse
squat-goblet-avec-kettlebell,Squat goblet avec kettlebell,Fessiers,Kettlebell,https://www.docteur-fitness.com/squat-goblet-avec-kettlebell
zercher-squat,Zercher Squat,Fessiers,Poids de corps / sans matériel,https://www.docteur-fitness.com/zercher-squat
pistol-squat,Pistol squat,Fessiers,Poids de corps / sans matériel,https://www.docteur-fitness.com/pistol-squat
fentes-avant-avec-kettlebell,Fentes avant avec kettlebell,Fessiers,Kettlebell,https://www.docteur-fitness.com/fentes-avant-avec-kettlebell
souleve-de-terre-sumo-avec-kettlebell,Soulevé de terre sumo avec kettlebell,Fessiers,Kettlebell,https://www.docteur-fitness.com/souleve-de-terre-sumo-avec-kettlebell
glute-ham-developer,Extensions de hanches au GHD,Fessiers,Machine,https://www.docteur-fitness.com/glute-ham-developer
front-squat-avec-halteres,Front squat avec haltères,Fessiers,Haltères,https://www.docteur-fitness.com/front-squat-avec-halteres
squat-sumo-avec-haltere,Squat sumo avec haltère,Fessiers,Haltères,https://www.docteur-fitness.com/squat-sumo-avec-haltere
montees-sur-banc-lateral-avec-halteres,Montées sur banc latérales avec haltères,Fessiers,Haltères,https://www.docteur-fitness.com/montees-sur-banc-lateral-avec-halteres
fentes-avant-avec-barre,Fentes avant avec barre,Fessiers,Barre,https://www.docteur-fitness.com/fentes-avant-avec-barre
thruster-avec-kettlebell,Thruster avec kettlebell,Fessiers,Kettlebell,https://www.docteur-fitness.com/thruster-avec-kettlebell
souleve-de-terre-avec-machine,Soulevé de terre avec machine,Fessiers,Machine,https://www.docteur-fitness.com/souleve-de-terre-avec-machine
bear-plank-avec-kickback,Bear plank avec kickback,Fessiers,Poids de corps / sans matériel,https://www.docteur-fitness.com/bear-plank-avec-kickback
squat-avec-sangles-de-suspension,Squat avec sangles de suspension,Fessiers,Sangles de suspension / TRX,https://www.docteur-fitness.com/squat-avec-sangles-de-suspension
hip-thrust-avec-sangles-de-suspension,Hip thrust avec sangles de suspension,Fessiers,Sangles de suspension / TRX,https://www.docteur-fitness.com/hip-thrust-avec-sangles-de-suspension
souleve-de-terre-valise-a-un-bras,Soulevé de terre valise,Fessiers,Poids de corps / sans matériel,https://www.docteur-fitness.com/souleve-de-terre-valise-a-un-bras
goblet-squat,Goblet squat avec haltère,Fessiers,Haltères,https://www.docteur-fitness.com/goblet-squat
fentes-avant-avec-halteres,Fentes avant avec haltères,Fessiers,Haltères,https://www.docteur-fitness.com/fentes-avant-avec-halteres
presse-a-cuisses-horizontale,Presse à cuisses horizontale,Fessiers,Machine,https://www.docteur-fitness.com/presse-a-cuisses-horizontale
squat-bulgare-avec-halteres,Squat bulgare avec haltères,Fessiers,Haltères,https://www.docteur-fitness.com/squat-bulgare-avec-halteres
zercher-deadlift,Zercher deadlift,Fessiers,Poids de corps / sans matériel,https://www.docteur-fitness.com/zercher-deadlift
thruster,Thruster,Fessiers,Poids de corps / sans matériel,https://www.docteur-fitness.com/thruster
squat-avec-landmine,Squat avec landmine,Fessiers,Landmine,https://www.docteur-fitness.com/squat-avec-landmine
squat-cosaque,Squat cosaque,Fessiers,Poids de corps / sans matériel,https://www.docteur-fitness.com/squat-cosaque
extension-de-jambe-unilaterale-sur-une-machine-a-dips-assistes,Extension de jambe unilatérale sur une machine à dips assistés,Fessiers,Machine,https://www.docteur-fitness.com/extension-de-jambe-unilaterale-sur-une-machine-a-dips-assistes
arrache-avec-haltere,Arraché avec haltère,Quadriceps,Haltères,https://www.docteur-fitness.com/arrache-avec-haltere
fente-bulgare-a-elastique,Fente bulgare à l'élastique,Quadriceps,Élastique,https://www.docteur-fitness.com/fente-bulgare-a-elastique
leg-extension-avec-elastique,Leg extension avec élastique,Quadriceps,Élastique|Machine,https://www.docteur-fitness.com/leg-extension-avec-elastique
squat-avec-rotation-du-tronc,Squat avec rotation du tronc,Quadriceps,Poids de corps / sans matériel,https://www.docteur-fitness.com/squat-avec-rotation-du-tronc
kettlebell-back-squat,Kettlebell back squat,Quadriceps,Kettlebell,https://www.docteur-fitness.com/kettlebell-back-squat
fentes-marchees-avec-sandbag,Fentes marchées avec sandbag,Quadriceps,Sandbag,https://www.docteur-fitness.com/fentes-marchees-avec-sandbag
presse-a-cuisses-inclinee,Presse à cuisses inclinée,Quadriceps,Machine,https://www.docteur-fitness.com/presse-a-cuisses-inclinee
squat,Squat,Quadriceps,Poids de corps / sans matériel,https://www.docteur-fitness.com/squat
leg-extension,Leg extension,Quadriceps,Machine,https://www.docteur-fitness.com/leg-extension
montees-sur-banc,Montées sur banc,Quadriceps,Poids de corps / sans matériel,https://www.docteur-fitness.com/montees-sur-banc
souleve-de-terre,Soulevé de terre,Quadriceps,Poids de corps / sans matériel,https://www.docteur-fitness.com/souleve-de-terre
squat-barre-devant,Squat barre devant,Quadriceps,Barre,https://www.docteur-fitness.com/squat-barre-devant
souleve-de-terre-roumain-avec-kettlebell,Soulevé de terre roumain avec kettlebell,Quadriceps,Kettlebell,https://www.docteur-fitness.com/souleve-de-terre-roumain-avec-kettlebell
presse-a-cuisses-verticale,Presse à cuisses verticale,Quadriceps,Machine,https://www.docteur-fitness.com/presse-a-cuisses-verticale
air-squat,Air Squat,Quadriceps,Poids de corps / sans matériel,https://www.docteur-fitness.com/air-squat
squat-saute,Squat sauté,Quadriceps,Poids de corps / sans matériel,https://www.docteur-fitness.com/squat-saute
squat-sumo-a-la-landmine,Squat sumo à la landmine,Quadriceps,Landmine,https://www.docteur-fitness.com/squat-sumo-a-la-landmine
hack-squat,Hack squat,Quadriceps,Machine,https://www.docteur-fitness.com/hack-squat
marche-du-fermier-avec-kettlebells,Marche du fermier avec kettlebells,Quadriceps,Kettlebell,https://www.docteur-fitness.com/marche-du-fermier-avec-kettlebells
sled-push,Sled push,Quadriceps,Poids de corps / sans matériel,https://www.docteur-fitness.com/sled-push
overhead-squat-avec-elastique,Overhead squat avec élastique,Quadriceps,Élastique,https://www.docteur-fitness.com/overhead-squat-avec-elastique
hack-squat-assis,Hack squat assis,Quadriceps,Machine,https://www.docteur-fitness.com/hack-squat-assis
sissy-squat-avec-machine,Sissy squat avec machine,Quadriceps,Machine,https://www.docteur-fitness.com/sissy-squat-avec-machine
pendulum-squat,Pendulum squat,Quadriceps,Machine,https://www.docteur-fitness.com/pendulum-squat
presse-a-cuisse-sur-le-cote,Presse à cuisse sur le côté,Quadriceps,Machine,https://www.docteur-fitness.com/presse-a-cuisse-sur-le-cote
belt-squat,Belt squat,Quadriceps,Machine,https://www.docteur-fitness.com/belt-squat
fentes-croisees,Fentes croisées,Quadriceps,Poids de corps / sans matériel,https://www.docteur-fitness.com/fentes-croisees
pin-squat,Pin squat,Quadriceps,Poids de corps / sans matériel,https://www.docteur-fitness.com/pin-squat
split-squat-avec-elastique,Split squat avec élastique,Quadriceps,Élastique,https://www.docteur-fitness.com/split-squat-avec-elastique
squat-avec-elastique,Squat avec élastique,Quadriceps,Élastique,https://www.docteur-fitness.com/squat-avec-elastique
overhead-squat-avec-halteres,Overhead squat avec haltères,Quadriceps,Haltères,https://www.docteur-fitness.com/overhead-squat-avec-halteres
squat-avec-bande-de-resistance,Squat avec bande de résistance,Quadriceps,Élastique,https://www.docteur-fitness.com/squat-avec-bande-de-resistance
montees-sur-banc-laterales-avec-barre,Montées sur banc latérales avec barre,Quadriceps,Barre,https://www.docteur-fitness.com/montees-sur-banc-laterales-avec-barre
croix-de-fer-avec-halteres,Croix de fer avec haltères,Quadriceps,Haltères,https://www.docteur-fitness.com/croix-de-fer-avec-halteres
hack-squat-inverse,Hack squat inversé,Quadriceps,Machine,https://www.docteur-fitness.com/hack-squat-inverse
leg-extension-iso-lateral-unilateral-hammer-strenght,Leg extension iso latéral unilatéral Hammer strenght,Quadriceps,Machine,https://www.docteur-fitness.com/leg-extension-iso-lateral-unilateral-hammer-strenght
squat-sur-banc,Squat sur banc,Quadriceps,Poids de corps / sans matériel,https://www.docteur-fitness.com/squat-sur-banc
squat-goblet-avec-kettlebell,Squat goblet avec kettlebell,Quadriceps,Kettlebell,https://www.docteur-fitness.com/squat-goblet-avec-kettlebell
jefferson-squat,Jefferson squat,Quadriceps,Poids de corps / sans matériel,https://www.docteur-fitness.com/jefferson-squat
zercher-squat,Zercher Squat,Quadriceps,Poids de corps / sans matériel,https://www.docteur-fitness.com/zercher-squat
squat-statique-contre-un-mur-exercice-de-la-chaise,Squat statique contre un mur (exercice de la chaise),Quadriceps,Poids de corps / sans matériel,https://www.docteur-fitness.com/squat-statique-contre-un-mur-exercice-de-la-chaise
pistol-squat,Pistol squat,Quadriceps,Poids de corps / sans matériel,https://www.docteur-fitness.com/pistol-squat
fentes-avant-avec-kettlebell,Fentes avant avec kettlebell,Quadriceps,Kettlebell,https://www.docteur-fitness.com/fentes-avant-avec-kettlebell
souleve-de-terre-sumo-avec-kettlebell,Soulevé de terre sumo avec kettlebell,Quadriceps,Kettlebell,https://www.docteur-fitness.com/souleve-de-terre-sumo-avec-kettlebell
front-squat-avec-halteres,Front squat avec haltères,Quadriceps,Haltères,https://www.docteur-fitness.com/front-squat-avec-halteres
sissy-squat,Sissy squat sans machine,Quadriceps,Machine,https://www.docteur-fitness.com/sissy-squat
presse-a-cuisses-iso-laterale,Presse à cuisses iso-latérale,Quadriceps,Machine,https://www.docteur-fitness.com/presse-a-cuisses-iso-laterale
squat-sumo-avec-haltere,Squat sumo avec haltère,Quadriceps,Haltères,https://www.docteur-fitness.com/squat-sumo-avec-haltere
montees-sur-banc-lateral-avec-halteres,Montées sur banc latérales avec haltères,Quadriceps,Haltères,https://www.docteur-fitness.com/montees-sur-banc-lateral-avec-halteres
fentes-avant-avec-barre,Fentes avant avec barre,Quadriceps,Barre,https://www.docteur-fitness.com/fentes-avant-avec-barre
split-squat-a-la-smith-machine,Split squat à la Smith machine,Quadriceps,Smith machine|Machine,https://www.docteur-fitness.com/split-squat-a-la-smith-machine
thruster-avec-kettlebell,Thruster avec kettlebell,Quadriceps,Kettlebell,https://www.docteur-fitness.com/thruster-avec-kettlebell
squat-avec-sangles-de-suspension,Squat avec sangles de suspension,Quadriceps,Sangles de suspension / TRX,https://www.docteur-fitness.com/squat-avec-sangles-de-suspension
squat-pistolet-avec-sangle-de-suspension,Squat pistolet avec sangle de suspension,Quadriceps,Sangles de suspension / TRX,https://www.docteur-fitness.com/squat-pistolet-avec-sangle-de-suspension
split-squat-avec-sangles-de-suspension,Split squat avec sangles de suspension,Quadriceps,Sangles de suspension / TRX,https://www.docteur-fitness.com/split-squat-avec-sangles-de-suspension
souleve-de-terre-valise-a-un-bras,Soulevé de terre valise,Quadriceps,Poids de corps / sans matériel,https://www.docteur-fitness.com/souleve-de-terre-valise-a-un-bras
souleve-de-terre-sumo,Soulevé de terre sumo,Quadriceps,Poids de corps / sans matériel,https://www.docteur-fitness.com/souleve-de-terre-sumo
thruster-avec-landmine,Thruster avec landmine,Quadriceps,Landmine,https://www.docteur-fitness.com/thruster-avec-landmine
souleve-de-terre-a-la-trap-bar,Soulevé de terre à la trap bar,Quadriceps,Barre,https://www.docteur-fitness.com/souleve-de-terre-a-la-trap-bar
squat-avant-avec-double-kettlebell,Squat avant avec double kettlebell,Quadriceps,Kettlebell,https://www.docteur-fitness.com/squat-avant-avec-double-kettlebell
safety-bar-squat,Safety bar squat,Quadriceps,Barre,https://www.docteur-fitness.com/safety-bar-squat
goblet-squat,Goblet squat avec haltère,Quadriceps,Haltères,https://www.docteur-fitness.com/goblet-squat
fentes-avant-avec-halteres,Fentes avant avec haltères,Quadriceps,Haltères,https://www.docteur-fitness.com/fentes-avant-avec-halteres
presse-a-cuisses-horizontale,Presse à cuisses horizontale,Quadriceps,Machine,https://www.docteur-fitness.com/presse-a-cuisses-horizontale
squat-bulgare-avec-halteres,Squat bulgare avec haltères,Quadriceps,Haltères,https://www.docteur-fitness.com/squat-bulgare-avec-halteres
zercher-deadlift,Zercher deadlift,Quadriceps,Poids de corps / sans matériel,https://www.docteur-fitness.com/zercher-deadlift
thruster,Thruster,Quadriceps,Poids de corps / sans matériel,https://www.docteur-fitness.com/thruster
squat-a-la-smith-machine,Squat à la Smith machine,Quadriceps,Smith machine|Machine,https://www.docteur-fitness.com/squat-a-la-smith-machine
fentes-inversees-avec-landmine,Fentes inversées avec landmine,Quadriceps,Landmine,https://www.docteur-fitness.com/fentes-inversees-avec-landmine
squat-avec-landmine,Squat avec landmine,Quadriceps,Landmine,https://www.docteur-fitness.com/squat-avec-landmine
squat-cosaque,Squat cosaque,Quadriceps,Poids de corps / sans matériel,https://www.docteur-fitness.com/squat-cosaque
extension-de-jambe-unilaterale-sur-une-machine-a-dips-assistes,Extension de jambe unilatérale sur une machine à dips assistés,Quadriceps,Machine,https://www.docteur-fitness.com/extension-de-jambe-unilaterale-sur-une-machine-a-dips-assistes
overhead-squat,Overhead squat,Quadriceps,Poids de corps / sans matériel,https://www.docteur-fitness.com/overhead-squat
single-leg-landmine-rdl,Single leg landmine RDL,Ischio-jambiers,Landmine,https://www.docteur-fitness.com/single-leg-landmine-rdl
fente-bulgare-a-elastique,Fente bulgare à l'élastique,Ischio-jambiers,Élastique,https://www.docteur-fitness.com/fente-bulgare-a-elastique
deadlift-jambes-tendues-unilateral-avec-landmine,Deadlift jambes tendues unilatéral avec landmine,Ischio-jambiers,Landmine,https://www.docteur-fitness.com/deadlift-jambes-tendues-unilateral-avec-landmine
deadlift-sumo-aux-halteres,Deadlift sumo aux haltères,Ischio-jambiers,Haltères,https://www.docteur-fitness.com/deadlift-sumo-aux-halteres
squat-avec-rotation-du-tronc,Squat avec rotation du tronc,Ischio-jambiers,Poids de corps / sans matériel,https://www.docteur-fitness.com/squat-avec-rotation-du-tronc
kettlebell-back-squat,Kettlebell back squat,Ischio-jambiers,Kettlebell,https://www.docteur-fitness.com/kettlebell-back-squat
leg-curl-avec-elastique,Leg curl avec élastique,Ischio-jambiers,Élastique|Machine,https://www.docteur-fitness.com/leg-curl-avec-elastique
souleve-de-terre-jambes-tendues,Soulevé de terre jambes tendues,Ischio-jambiers,Poids de corps / sans matériel,https://www.docteur-fitness.com/souleve-de-terre-jambes-tendues
leg-curl-allonge,Leg curl allongé,Ischio-jambiers,Machine,https://www.docteur-fitness.com/leg-curl-allonge
presse-a-cuisses-inclinee,Presse à cuisses inclinée,Ischio-jambiers,Machine,https://www.docteur-fitness.com/presse-a-cuisses-inclinee
squat,Squat,Ischio-jambiers,Poids de corps / sans matériel,https://www.docteur-fitness.com/squat
good-morning,Good morning,Ischio-jambiers,Poids de corps / sans matériel,https://www.docteur-fitness.com/good-morning
souleve-de-terre-roumain-a-la-landmine,Soulevé de terre roumain à la landmine,Ischio-jambiers,Landmine,https://www.docteur-fitness.com/souleve-de-terre-roumain-a-la-landmine
rack-pull,Rack Pull,Ischio-jambiers,Poids de corps / sans matériel,https://www.docteur-fitness.com/rack-pull
good-morning-avec-elastique,Good morning avec élastique,Ischio-jambiers,Élastique,https://www.docteur-fitness.com/good-morning-avec-elastique
souleve-de-terre,Soulevé de terre,Ischio-jambiers,Poids de corps / sans matériel,https://www.docteur-fitness.com/souleve-de-terre
kettlebell-swing,Kettlebell swing,Ischio-jambiers,Kettlebell,https://www.docteur-fitness.com/kettlebell-swing
souleve-de-terre-roumain-avec-kettlebell,Soulevé de terre roumain avec kettlebell,Ischio-jambiers,Kettlebell,https://www.docteur-fitness.com/souleve-de-terre-roumain-avec-kettlebell
presse-a-cuisses-verticale,Presse à cuisses verticale,Ischio-jambiers,Machine,https://www.docteur-fitness.com/presse-a-cuisses-verticale
squat-sumo-a-la-landmine,Squat sumo à la landmine,Ischio-jambiers,Landmine,https://www.docteur-fitness.com/squat-sumo-a-la-landmine
leg-curl-au-ballon-de-gym,Leg curl au ballon de gym,Ischio-jambiers,Machine|Swiss ball,https://www.docteur-fitness.com/leg-curl-au-ballon-de-gym
leg-curl-unilateral-debout-a-la-machine,Leg curl unilatéral debout à la machine,Ischio-jambiers,Machine,https://www.docteur-fitness.com/leg-curl-unilateral-debout-a-la-machine
marche-du-fermier-avec-kettlebells,Marche du fermier avec kettlebells,Ischio-jambiers,Kettlebell,https://www.docteur-fitness.com/marche-du-fermier-avec-kettlebells
deadlift-reeves,Reeves deadlift,Ischio-jambiers,Poids de corps / sans matériel,https://www.docteur-fitness.com/deadlift-reeves
leg-curl-decline-avec-haltere,Leg curl décliné avec haltère,Ischio-jambiers,Machine|Haltères,https://www.docteur-fitness.com/leg-curl-decline-avec-haltere
nordic-hamstring-curl-avec-elastique,Nordic hamstring curl avec élastique,Ischio-jambiers,Élastique,https://www.docteur-fitness.com/nordic-hamstring-curl-avec-elastique
souleve-de-terre-avec-deficit,Soulevé de terre avec déficit,Ischio-jambiers,Poids de corps / sans matériel,https://www.docteur-fitness.com/souleve-de-terre-avec-deficit
extension-lombaire-au-banc-a-45,Extension lombaire au banc à 45°,Ischio-jambiers,Poids de corps / sans matériel,https://www.docteur-fitness.com/extension-lombaire-au-banc-a-45
souleve-de-terre-avec-elastique,Soulevé de terre avec élastique,Ischio-jambiers,Élastique,https://www.docteur-fitness.com/souleve-de-terre-avec-elastique
squat-goblet-avec-kettlebell,Squat goblet avec kettlebell,Ischio-jambiers,Kettlebell,https://www.docteur-fitness.com/squat-goblet-avec-kettlebell
pistol-squat,Pistol squat,Ischio-jambiers,Poids de corps / sans matériel,https://www.docteur-fitness.com/pistol-squat
fentes-avant-avec-kettlebell,Fentes avant avec kettlebell,Ischio-jambiers,Kettlebell,https://www.docteur-fitness.com/fentes-avant-avec-kettlebell
souleve-de-terre-sumo-avec-kettlebell,Soulevé de terre sumo avec kettlebell,Ischio-jambiers,Kettlebell,https://www.docteur-fitness.com/souleve-de-terre-sumo-avec-kettlebell
glute-ham-developer,Extensions de hanches au GHD,Ischio-jambiers,Machine,https://www.docteur-fitness.com/glute-ham-developer
front-squat-avec-halteres,Front squat avec haltères,Ischio-jambiers,Haltères,https://www.docteur-fitness.com/front-squat-avec-halteres
squat-sumo-avec-haltere,Squat sumo avec haltère,Ischio-jambiers,Haltères,https://www.docteur-fitness.com/squat-sumo-avec-haltere
fentes-avant-avec-barre,Fentes avant avec barre,Ischio-jambiers,Barre,https://www.docteur-fitness.com/fentes-avant-avec-barre
souleve-de-terre-avec-machine,Soulevé de terre avec machine,Ischio-jambiers,Machine,https://www.docteur-fitness.com/souleve-de-terre-avec-machine
leg-curl-avec-sangles-de-suspension,Leg curl avec sangles de suspension,Ischio-jambiers,Sangles de suspension / TRX|Machine,https://www.docteur-fitness.com/leg-curl-avec-sangles-de-suspension
souleve-de-terre-valise-a-un-bras,Soulevé de terre valise,Ischio-jambiers,Poids de corps / sans matériel,https://www.docteur-fitness.com/souleve-de-terre-valise-a-un-bras
souleve-de-terre-sumo,Soulevé de terre sumo,Ischio-jambiers,Poids de corps / sans matériel,https://www.docteur-fitness.com/souleve-de-terre-sumo
souleve-de-terre-a-la-trap-bar,Soulevé de terre à la trap bar,Ischio-jambiers,Barre,https://www.docteur-fitness.com/souleve-de-terre-a-la-trap-bar
leg-curl-assis-a-la-machine,Leg curl assis à la machine,Ischio-jambiers,Machine,https://www.docteur-fitness.com/leg-curl-assis-a-la-machine
leg-curl-inverse-sur-le-tirage-vertical,Leg curl inversé sur le tirage vertical,Ischio-jambiers,Machine,https://www.docteur-fitness.com/leg-curl-inverse-sur-le-tirage-vertical
zercher-deadlift,Zercher deadlift,Ischio-jambiers,Poids de corps / sans matériel,https://www.docteur-fitness.com/zercher-deadlift
leg-curl-allonge-avec-elastique,Leg curl allongé avec élastique,Ischio-jambiers,Élastique|Machine,https://www.docteur-fitness.com/leg-curl-allonge-avec-elastique
extension-a-la-presse-a-mollets-assis,Extension à la presse à mollets assis,Mollets,Machine,https://www.docteur-fitness.com/extension-a-la-presse-a-mollets-assis
extensions-des-mollets-avec-partenaire,Extensions des mollets avec partenaire,Mollets,Poids de corps / sans matériel,https://www.docteur-fitness.com/extensions-des-mollets-avec-partenaire
extension-des-mollets-a-la-barre-debout,Extension des mollets à la barre debout,Mollets,Barre,https://www.docteur-fitness.com/extension-des-mollets-a-la-barre-debout
extensions-des-mollets-assis-avec-barre,Extensions des mollets assis avec barre,Mollets,Barre,https://www.docteur-fitness.com/extensions-des-mollets-assis-avec-barre
elevations-des-mollets-au-donkey,Élévations des mollets au Donkey,Mollets,Poids de corps / sans matériel,https://www.docteur-fitness.com/elevations-des-mollets-au-donkey
extensions-des-mollets-au-hack-squat,Extensions des mollets au hack-squat,Mollets,Machine,https://www.docteur-fitness.com/extensions-des-mollets-au-hack-squat
extensions-des-mollets-assis-a-la-smith-machine,Extensions des mollets assis à la Smith machine,Mollets,Smith machine|Machine,https://www.docteur-fitness.com/extensions-des-mollets-assis-a-la-smith-machine
extensions-des-mollets-debout-a-la-smith-machine,Extensions des mollets debout à la Smith machine,Mollets,Smith machine|Machine,https://www.docteur-fitness.com/extensions-des-mollets-debout-a-la-smith-machine
extensions-des-mollets-debout-a-la-machine,Extensions des mollets debout à la machine,Mollets,Machine,https://www.docteur-fitness.com/extensions-des-mollets-debout-a-la-machine
extensions-des-mollets-sur-une-marche,Extensions des mollets sur une marche,Mollets,Poids de corps / sans matériel,https://www.docteur-fitness.com/extensions-des-mollets-sur-une-marche
extension-des-mollets-assis-a-la-machine,Extension des mollets assis à la machine,Mollets,Machine,https://www.docteur-fitness.com/extension-des-mollets-assis-a-la-machine
extension-des-mollets-a-la-presse,Extension des mollets à la presse,Mollets,Machine,https://www.docteur-fitness.com/extension-des-mollets-a-la-presse
